{
  "id": "loghorizon-combat-manager",
  "title": "LogHorizon Combat Manager",
  "version": "1.0.0",
  "compatibility": {
    "minimum": "12",
    "verified": "12"
  },
  "authors": [
    {
      "name": "Wookyung Choi",
      "email": "cwk950906@gmail.com",
      "flags": {}
    }
  ],
  "description": "A module to manage combat scenarios in LogHorizon RPG system.",
  "url": "https://github.com/Leafsan/lh-combat",
  "manifest": "https://raw.githubusercontent.com/Leafsan/lh-combat/main/module.json",
  "download": "https://github.com/Leafsan/lh-combat/releases/download/first/loghorizon-combat-manager.zip",
  "license": "MIT",
  "esmodules": ["scripts/main.js"]
}
